Ritz wavelength (nm),Fe I (4.4e-02),Fe II (9.5e-01),Fe III (2.2e-03)
180.17856,,,7.698e-4
180.217253,,5.336e+0,
180.33488,,,5.071e-4
180.53435,,,5.454e-4
180.546142,,5.681e+0,
180.84494,,3.517e+0,
180.931823,,3.191e+2,
181.29753,,,3.131e-3
181.541095,,1.441e+2,
181.94895,,,7.792e-4
182.52582,,,2.317e-4
182.91768,,,1.735e-3
183.026396,,1.093e+2,
183.046316,,6.820e+1,
183.06304,,,1.143e-3
183.071741,,9.548e+0,
183.126434,,1.590e+2,
183.16595,,1.199e+1,
183.198096,,7.880e+1,
183.225322,,1.035e+1,
183.41005,,,2.126e-3
183.496471,,1.098e+2,
183.50038,,,3.715e-4
183.541769,,9.676e+1,
183.587378,,4.489e+2,
183.76026,,,2.282e-3
183.83177,,,4.331e-3
183.8597,,,9.183e-6
183.86328,,,3.490e-4
183.87169,,,7.331e-4
183.9553,,,4.017e-6
183.975333,,3.922e+0,
183.980704,,4.447e+1,
184.000034,,4.234e+1,
184.13999,,,2.727e-3
184.1546,,,2.945e-3
184.170868,,4.977e+1,
184.203368,,7.465e+0,
184.29416,,,4.845e-3
184.310607,,3.640e+0,
184.3115,,,7.862e-6
184.320449,,7.582e+0,
184.326103,,4.959e+1,
184.3282,,,5.840e-6
184.34203,,,2.185e-3
184.348832,,4.294e+0,
184.35147,,,1.234e-3
184.3521,,,2.471e-6
184.381395,,5.152e+0,
184.40059,,,2.480e-3
184.4269,,,1.956e-3
184.45614,,,4.320e-3
184.467058,,4.959e+0,
184.49511,,,1.878e-3
184.4967,,,3.130e-4
184.53116,,,3.557e-3
184.55122,,,3.409e-3
184.55398,,,5.620e-3
184.5752,,,9.016e-5
184.6,,,1.303e-4
184.63603,,,2.795e-4
184.6373,,,1.755e-4
184.657597,,3.499e+2,
184.69533,,,1.300e-3
184.7358,,,1.677e-4
184.76416,,,7.102e-4
184.8142,,,3.186e-4
184.824039,,6.556e+1,
184.84992,,,3.355e-4
184.877362,,3.523e+2,
184.88946,,,3.036e-4
184.91808,,,3.453e-4
184.9412,,,8.955e-3
184.96706,,,1.027e-3
184.99628,,,1.087e-2
184.99858,,,5.384e-3
185.02038,,,6.396e-3
185.1061,,,1.430e-6
185.12485,,,4.604e-4
185.1261,,,3.357e-3
185.235284,,1.114e+1,
185.23664,,,3.394e-4
185.26866,,,4.648e-3
185.302822,,4.148e+0,
185.3175,,,3.003e-6
185.377635,,2.971e+0,
185.398868,,7.334e+0,
185.48086,,,2.531e-3
185.48237,,,3.695e-2
185.48581,,,1.372e-2
185.49906,,,1.670e-2
185.53757,,,6.000e-4
185.5518,,,8.833e-4
185.632019,,1.111e+2,
185.66785,,,2.962e-4
185.66999,,,2.429e-2
185.795986,,1.158e+2,
185.85575,,,1.206e-2
185.974715,,5.208e+2,
185.98174,,,3.203e-3
185.99599,,,7.419e-3
186.005267,,1.247e+3,
186.24509,,,6.761e-4
186.45484,,,5.071e-4
186.4554,,,4.201e-6
186.464487,,2.490e+2,
186.474633,,9.990e+2,
186.52064,,,1.200e-3
186.5217,,,2.104e-3
186.54632,,,6.389e-4
186.63158,,,4.593e-2
186.65739,,,1.039e-2
186.794189,,1.149e+1,
186.955453,,5.214e+1,
186.98411,,,5.415e-2
186.9851,,,1.397e-2
186.99257,,,2.217e-3
187.1157,,,5.791e-2
187.1338,,,1.676e-3
187.22118,,,4.331e-3
187.26422,,2.821e+1,
187.35486,,,1.047e-3
187.683914,,7.976e+2,
187.746567,,1.335e+3,
187.80013,,,5.250e-2
187.805373,,1.456e+1,
187.85463,,,4.861e-3
188.004932,,1.506e+2,
188.05989,,,9.545e-4
188.07135,,,4.398e-3
188.097216,,7.003e+2,
188.11939,,,3.303e-3
188.120308,,4.162e+0,
188.159,,,1.497e-3
188.20511,,,3.077e-2
188.20646,,,6.017e-3
188.23703,,,4.011e-3
188.32069,,,4.156e-4
188.38242,,,7.521e-3
188.411825,,5.827e+0,
188.42437,,,3.557e-4
188.45967,,,2.933e-2
188.472939,,1.124e+1,
188.51385,,,1.616e-2
188.59612,,,6.036e-3
188.598767,,6.244e+0,
188.66077,,,1.013e-2
188.67661,,,1.339e-1
188.72112,,,7.025e-2
188.74751,,,2.081e-2
188.74951,,,3.349e-2
188.7743,,,3.824e-4
188.827,,,1.125e-4
188.873419,,1.892e+3,
188.94666,,,2.246e-2
188.97394,,,2.485e-3
189.06769,,,2.227e-1
189.10827,,,6.021e-3
189.11864,,,3.175e-3
189.13381,,,5.727e-4
189.15098,,,7.043e-3
189.1536,,,2.978e-4
189.1721,,,4.448e-6
189.20695,,,8.332e-3
189.21476,,,3.002e-2
189.22514,,,7.390e-3
189.2347,,,1.210e-3
189.24745,,,8.345e-4
189.28807,,,4.587e-3
189.28983,,,5.357e-3
189.3113,,,4.004e-4
189.3985,,,2.753e-2
189.401925,,1.629e+2,
189.403245,,2.240e+0,
189.42486,,,8.667e-3
189.42508,,,1.421e-3
189.4684,,,1.943e-5
189.49906,,,3.233e-3
189.5472,,,1.458e+1
189.56394,,,4.464e-3
189.568486,,1.880e+2,
189.57058,,,7.752e-4
189.5902,,,4.900e-5
189.601197,,3.620e+0,
189.631859,,3.861e+0,
189.6332,,,2.695e-4
189.67403,,,5.896e-3
189.6818,,,3.065e-2
189.70318,,,2.327e-3
189.73834,,,1.891e-3
189.853613,,2.343e+2,
189.8878,,,1.435e-2
189.933,,,2.192e-4
189.93461,,,2.078e-3
189.9938,,,1.127e-3
190.0563,,,6.049e-4
190.05969,,,3.277e-4
190.11053,,,2.709e-2
190.1379,,,1.923e-3
190.13952,,,4.200e-3
190.20943,,,5.256e-3
190.24105,,,7.612e-3
190.29105,,,4.259e-3
190.31738,,,7.194e-4
190.3987,,,2.255e-4
190.4262,,,3.969e-4
190.4383,,,2.255e-4
190.44137,,,8.795e-3
190.478982,,4.087e+2,
190.4796,,,4.041e-5
190.5217,,,1.948e-4
190.58259,,,2.278e-3
190.64661,,,6.337e-3
190.6815,,,1.809e-3
190.68315,,,5.651e-3
190.70984,,,4.320e-4
190.7585,,,3.644e-2
190.77558,,,5.664e-3
190.9055,,,9.726e-6
190.97779,,,2.384e-4
190.986,,,1.610e-4
191.01766,,,1.506e-4
191.04116,,,2.238e-2
191.067288,,1.954e+2,
191.1349,,,5.583e-3
191.1688,,,6.208e-4
191.17494,,,9.432e-4
191.29252,,,1.326e-2
191.3288,,,4.481e-6
191.33922,,,6.882e-4
191.36291,,,1.125e-2
191.4068,,,1.058e+1
191.4324,,,1.095e-5
191.5087,,,4.043e-1
191.65173,,,5.931e-3
191.7264,,,2.688e-4
191.73676,,,1.305e-2
191.7462,,,2.650e-2
191.7667,,,1.873e-3
191.7703,,,5.270e-5
191.79541,,,1.966e-3
191.7977,,,6.405e-3
191.8122,,,3.242e-6
191.82926,,,4.501e-2
191.84719,,,6.493e-3
191.89781,,,1.689e-3
191.935,,,7.564e-6
191.95829,,,4.770e-3
192.01952,,,5.879e-3
192.02814,,,4.696e-4
192.07561,,,4.009e-4
192.11292,,,3.787e-4
192.12049,,,4.407e-4
192.1994,,,5.685e-4
192.2138,,,7.101e-4
192.2793,,,3.490e-1
192.30159,,,1.111e-2
192.41234,,,1.658e-3
192.45336,,,1.550e-2
192.52703,,,3.582e-3
192.5476,,,8.016e-4
192.58501,,,1.849e-3
192.598457,,1.000e+3,
192.60412,,,5.504e-2
192.60486,,,6.320e-4
192.6321,,,8.542e+0
192.6899,,,4.010e-4
192.74355,,,1.024e-2
192.8178,,,3.935e-3
192.8185,,,6.397e-4
192.82595,,,6.647e-3
192.83123,,,2.586e-3
192.86411,,,6.802e-3
192.88393,,,4.187e-3
192.90056,,,8.456e-4
192.93875,,,3.157e-3
192.94363,,,2.325e-3
192.9455,,,4.553e-6
192.9637,,,1.669e-5
192.99431,,,3.576e-3
193.0391,,,2.908e-1
193.0412,,,1.003e-5
193.09097,,,5.457e-4
193.0918,,,4.042e-4
193.13106,,,4.688e-4
193.1326,,,2.358e-4
193.15124,,,1.286e-1
193.248239,,2.615e+2,
193.28209,,,1.050e-3
193.28224,,,5.430e-3
193.453495,1.608e+2,,
193.52961,,2.771e+2,
193.6114,,,6.785e-4
193.62557,,,2.186e-4
193.67943,,,1.986e-3
193.6814,,,4.537e-4
193.726831,1.428e+2,,
193.73522,,,1.837e-3
193.736,,,2.365e-1
193.80006,,,4.207e-4
193.87495,,,9.777e-4
193.87747,,,2.637e-3
193.88916,,,2.933e-4
193.8899,,,1.742e-2
193.89476,,,3.511e-3
194.00208,,,1.103e-2
194.00245,,,1.482e-2
194.066039,1.158e+2,,
194.06928,,,1.579e-3
194.07712,,,2.865e-3
194.16315,,,6.939e-3
194.19866,,9.991e+0,
194.348,,,9.432e-3
194.349,,,1.698e-1
194.3726,,,2.183e-4
194.53455,,,8.337e-2
194.566001,,3.107e+0,
194.57289,,,2.199e-3
194.6313,,,8.208e-5
194.6766,,,3.209e-4
194.8275,,,2.851e-4
194.838298,,2.281e+2,
194.94572,,,3.231e-3
194.96632,,,2.449e-3
195.034,,,1.770e-2
195.10147,,,1.180e-1
195.23372,,,4.355e-3
195.25145,,,4.247e-3
195.2654,,,8.884e-2
195.32017,,,1.128e-3
195.3323,,,2.851e-2
195.33394,,,6.359e-2
195.34791,,,6.491e-3
195.3503,,,2.668e-2
195.35138,,,1.411e-3
195.39646,,,2.317e-3
195.42029,,,2.076e-2
195.42411,,,5.933e-2
195.47484,,,3.036e-4
195.4772,,,4.350e-3
195.49834,,,1.085e-2
195.60966,,,8.742e-4
195.65938,,,2.245e-4
195.7136,,,5.520e-6
195.71433,,,2.718e-3
195.73796,,,1.611e-3
195.79415,,,2.506e-3
195.85972,,,9.402e-2
195.87441,,,3.299e-3
195.90327,,,2.263e-3
195.93313,,,3.468e-2
196.01582,,,3.955e-4
196.0325,,,6.473e-2
196.10135,,,4.226e-3
196.12385,,,2.167e-2
196.14585,,,1.056e-3
196.273,,,1.718e-2
196.29605,,,2.645e-3
196.32002,,,8.275e-4
196.40577,,,2.959e-3
196.41785,,,2.385e-2
196.42661,,,3.488e-3
196.4294,,,1.586e-2
196.47848,,,1.892e-2
196.53196,,,1.005e-2
196.608,,,1.513e-3
196.62017,,2.406e+1,
196.67478,,,6.584e-3
196.7355,,,3.557e-4
196.8623,,,1.559e-3
197.22543,,,1.183e-3
197.26422,,,1.418e-3
197.6137,,,5.076e-2
197.84147,,,2.417e-2
197.851154,,4.756e+0,
197.86292,,,1.703e-3
197.90083,,,1.055e-3
198.03945,,,1.640e-3
198.20855,,,3.144e-2
198.306679,,5.254e+0,
198.3146,,,7.757e-4
198.36791,,,4.739e-3
198.40353,,,1.461e-2
198.42975,,,3.140e-2
198.51061,,,1.940e-2
198.641754,,1.230e+2,
198.70018,,,1.100e-3
198.7509,,,3.853e-1
198.99884,,,4.223e-2
199.16177,,,2.834e-1
199.2022,,,2.697e-2
199.2208,,,2.956e-2
199.28711,,,1.052e-2
199.32743,,,5.233e-2
199.40879,,,1.998e-1
199.48358,,,8.323e-4
199.52744,,,4.828e-2
199.55694,,,1.485e-1
199.64232,,,2.926e-2
199.6434,,,1.197e-1
199.90972,,,2.745e-3
199.941141,,2.077e+2,
199.9415,,,1.288e-3
199.95793,,,3.122e-2
199.9583,,,3.183e-2
199.9602,,,1.932e-2
199.9898,,,9.711e-3
200.0047,,,3.369e-3
200.037732,,1.938e+3,
200.11662,,,1.123e-2
200.13638,,,1.885e-3
200.1488,,,6.735e-4
200.18307,,,4.264e-3
200.2475,,,5.275e-4
200.25932,,,1.017e-3
200.34963,,,7.031e-4
200.35032,,,4.117e-2
200.49451,,,3.241e-3
200.50899,,,1.918e-2
200.54576,,,3.264e-3
200.5714,,,3.793e-3
200.62691,,,1.011e-2
200.701387,,1.840e+2,
200.78602,,,3.272e-2
200.8474,,,1.922e-2
201.069688,,1.272e+3,
201.07297,,,6.827e-4
201.15455,,,7.142e-3
201.18949,,,3.278e-3
201.26824,,,7.894e-3
201.44222,,,5.411e-4
201.50732,,,4.015e-3
201.548736,,6.742e+2,
201.67096,,,2.432e-3
201.7299,,,2.601e-3
201.85766,,,3.173e-3
201.877724,,1.176e+3,
202.075101,,7.449e+2,
202.20394,,,6.871e-4
202.32993,,,4.122e-3
202.52901,,,5.351e-4
202.55023,,,1.258e-3
202.557,,,5.864e-3
202.60475,,,9.403e-3
202.8564,,,1.334e-5
202.95319,,,2.344e-3
203.0773,,,5.560e-4
203.240945,,9.938e+2,
203.43052,,,3.982e-3
203.45529,,,1.224e-3
203.47078,,,7.040e-3
203.51026,,,1.322e-3
203.59378,,,6.982e-3
203.60262,,,1.752e-3
203.643626,,5.703e+2,
203.68551,,,4.973e-3
203.71544,,,3.510e-3
203.73035,,,8.467e-3
203.80998,,,6.705e-3
203.89172,,,4.973e-3
203.9522,,,9.593e-3
204.04114,,,6.076e-3
204.05476,,,4.020e-3
204.068999,,1.852e+3,
204.0773,,,5.516e-3
204.34879,,,9.513e-4
204.4041,,,3.038e-3
204.43137,,,1.127e-2
204.45496,,,5.655e-4
204.49771,,,1.547e-2
204.5841,,,6.149e-3
204.9398,,,1.040e-2
205.103385,,1.152e+3,
205.44938,,,9.270e-4
205.526768,,5.724e+2,
205.58701,,,7.971e-3
205.61636,,,3.141e-2
205.70653,,,2.080e-2
205.794,,,2.205e-3
205.857,,,4.072e-2
205.96909,,,3.425e-2
206.156,,,1.614e+0
206.1762,,,5.095e-2
206.20878,,,1.087e-3
206.36773,,6.549e+2,
206.5277,,,2.320e-5
206.52774,,,5.112e-4
206.5486,,,6.187e-6
206.60082,,2.737e+2,
206.73145,,,5.188e-3
206.791357,,5.450e+2,
206.799901,,3.668e+0,
206.8252,,,2.581e+0
207.033359,,1.271e+2,
207.0553,,,2.078e-2
207.2248,,,6.576e-6
207.42394,,,5.955e-4
207.8993,,,3.650e+0
208.0229,,,4.023e-4
208.024306,,4.828e+2,
208.23824,,,3.720e-4
208.3547,,,4.379e-3
208.4017,,,1.029e-5
208.4366,,,1.043e-1
208.45251,,,5.086e-3
208.4536,,,5.388e-6
208.58462,,,9.777e-4
208.592143,,3.421e+0,
208.71454,,,3.407e-2
208.754134,,9.458e+2,
208.7915,,,1.169e-2
208.86357,,,5.685e-3
209.0142,,,4.575e-3
209.01521,,,1.295e-1
209.02556,,,2.145e-2
209.1323,,,1.634e-2
209.1672,,,6.336e-6
209.201272,,3.743e+0,
209.260232,,4.081e+0,
209.29539,,,3.702e-3
209.362555,,1.300e+2,
209.56886,,,7.473e-4
209.64367,,,7.346e-3
209.7494,,,1.818e-1
209.77047,,,1.111e-1
209.78671,,,7.225e-4
210.016556,,2.787e+0,
210.109735,,6.511e+0,
210.121952,,3.278e+0,
210.273186,,7.954e+0,
210.424004,,3.678e+0,
210.458513,,4.976e+0,
210.50274,,,1.215e-3
210.7336,,,6.633e-2
210.7553,,2.117e+2,
210.86821,,,1.391e-3
210.910264,,2.532e+2,
211.030757,,1.711e+1,
211.073425,,3.986e+2,
211.33504,,,9.617e-4
211.39096,,,1.481e-3
211.6598,,,8.702e-3
211.69912,,2.902e+2,
211.85714,,,6.114e-3
212.35999,,,2.033e-3
212.516826,,1.818e+1,
212.797197,,9.261e+1,
213.054886,,2.025e+2,
213.201699,1.140e+2,,
213.258234,,3.026e+0,
213.4867,,,4.221e-3
213.561344,,4.391e+0,
213.650854,,1.839e+2,
213.7383,,,7.702e-3
214.34802,,,9.367e-3
214.4295,,,8.757e-3
214.6096,,,5.427e-3
214.770306,,2.790e+2,
215.062078,,5.908e+2,
215.17887,,,8.014e-3
215.84741,,,1.665e-3
216.115994,,2.700e+2,
216.202234,,1.415e+3,
216.348475,,4.376e+0,
216.671418,,1.918e+2,
216.677326,3.458e+3,,
216.787783,,2.010e+2,
216.86704,,4.694e+0,
217.153838,,6.187e+0,
217.46672,,,2.991e-2
217.484726,,2.142e+2,
217.545306,,8.794e+2,
217.650054,,1.316e+2,
218.370458,,7.974e+0,
218.38334,,1.157e+2,
218.729708,,3.877e+1,
219.183908,1.074e+3,,
219.198278,,2.182e+2,
219.604199,6.367e+2,,
219.866254,,1.724e+2,
220.028324,,1.307e+2,
220.038993,4.722e+2,,
220.072429,2.506e+2,,
220.141248,,7.238e+1,
220.158613,,2.249e+2,
220.608151,,2.938e+2,
220.614748,,3.965e+2,
220.840556,,6.151e+2,
220.88669,,,3.212e-3
220.903187,,3.937e+2,
221.365294,,1.529e+3,
221.403688,,4.593e+2,
221.507514,,3.594e+2,
221.57001,,2.207e+2,
221.82592,,6.074e+2,
221.989359,,9.473e+2,
222.037805,,1.900e+3,
222.042998,,1.177e+2,
222.116421,,8.096e+2,
222.267241,,8.986e+1,
222.348573,,7.692e+2,
222.383483,,6.201e+1,
222.45957,,7.164e+0,
222.718176,,2.040e+2,
222.743213,,1.198e+2,
222.845473,,3.126e+1,
222.873216,,4.929e+2,
222.971494,,4.023e+0,
223.14924,,2.526e+2,
223.178491,,6.394e+0,
223.185631,,4.340e+0,
223.312861,,8.938e+0,
223.391749,,1.472e+3,
223.488428,,6.246e+0,
223.56808,,9.485e+0,
223.635694,,3.912e+0,
223.744349,,4.057e+0,
223.756757,,2.697e+2,
223.789845,,1.795e+2,
223.8153,,,5.632e-4
223.827336,,5.121e+1,
223.834438,,3.614e+0,
223.85677,,5.425e+0,
223.86312,,5.039e+1,
223.903747,,3.765e+2,
224.116128,,5.410e+0,
224.134958,,7.043e+0,
224.141907,,2.783e+2,
224.15589,,,1.423e-3
224.187725,,4.709e+1,
224.308141,,4.616e+1,
224.326465,,1.609e+1,
224.407652,,2.716e+1,
224.420686,,1.422e+2,
224.439279,,3.511e+1,
224.549894,,1.078e+3,
224.668274,,1.708e+1,
224.691318,,3.221e+2,
224.76837,,9.956e+2,
224.793059,,1.100e+1,
224.891836,,1.770e+1,
224.90584,,6.601e+2,
224.905934,,2.449e+2,
224.91984,,4.159e+2,
225.087654,,5.385e+0,
225.182274,,2.276e+3,
225.407251,,1.104e+2,
225.414453,,3.667e+0,
225.420218,,9.230e+0,
225.514042,,1.838e+1,
225.563449,,3.215e+1,
225.568706,,9.805e+2,
225.576584,,7.568e+2,
225.583454,,4.361e+0,
225.689093,,1.956e+2,
225.709065,,2.097e+1,
225.75531,,6.609e+0,
225.778233,,4.062e+2,
225.859497,,2.963e+0,
225.886481,,4.942e+0,
225.922433,,3.844e+0,
225.951006,1.440e+2,,
225.962471,,1.072e+2,
226.120628,,3.848e+0,
226.182984,,7.601e+0,
226.2058,,,1.221e-7
226.323226,,5.885e+2,
226.459018,,7.550e+2,
226.670615,,5.574e+0,
226.803748,,3.557e+0,
226.847019,,8.110e+0,
227.03706,,3.045e+1,
227.111766,,3.258e+0,
227.2544,,,1.932e-7
227.395841,,1.079e+1,
227.40632,,1.913e+1,
227.41847,,6.154e+0,
227.602564,2.107e+2,,
227.607451,,9.090e+0,
227.696471,,4.611e+0,
227.971285,,1.967e+1,
227.991467,,2.325e+3,
228.065044,,1.908e+1,
228.276698,,1.594e+1,
228.359241,,1.118e+1,
228.369972,,3.019e+1,
228.399634,,3.791e+2,
228.408535,1.503e+2,,
228.487684,,1.050e+1,
228.705032,,7.184e+0,
228.724949,1.516e+2,,
228.782093,,1.073e+1,
228.835688,,1.923e+1,
228.866265,,4.713e+1,
228.896667,,4.486e+0,
229.199877,,7.184e+0,
229.282826,,8.568e+0,
229.3074,,,1.544e-4
229.460976,,3.723e+2,
229.58698,,,1.540e-3
229.609648,,1.095e+2,
229.689125,,6.910e+0,
229.778687,2.427e+2,,
229.816882,7.056e+2,,
229.822219,,2.747e+2,
229.844678,,5.157e+0,
229.972306,,6.344e+0,
229.975285,,4.690e+0,
230.03134,,4.668e+0,
230.062481,,4.223e+0,
230.156739,,5.072e+0,
230.189885,,4.343e+0,
230.384272,,2.233e+1,
230.40649,,6.138e+0,
230.473532,,3.826e+2,
230.490484,,6.075e+1,
230.59673,,2.360e+1,
230.636987,,2.030e+1,
230.645012,,4.013e+0,
230.666908,,4.041e+1,
230.731295,,2.354e+2,
230.772,,2.450e+1,
230.79186,,4.109e+0,
230.829587,,2.321e+1,
230.87676,,1.559e+2,
230.89303,,2.884e+1,
230.946914,,2.318e+1,
230.955313,,2.711e+0,
231.016577,,1.287e+1,
231.025964,,6.025e+0,
231.122482,,2.139e+2,
231.128724,,7.105e+1,
231.12892,,1.092e+2,
231.219214,,8.565e+0,
231.2315,,1.252e+1,
231.239844,,2.464e+1,
231.261126,,1.869e+1,
231.26523,,2.262e+1,
231.310413,1.989e+2,,
231.326166,,4.287e+0,
231.330053,,1.466e+2,
231.394039,,3.212e+1,
231.40562,,3.012e+1,
231.461336,,6.431e+0,
231.553535,,1.064e+1,
231.572932,,3.786e+1,
231.578045,,7.419e+0,
231.582519,,9.340e+0,
231.651225,,1.659e+1,
231.69114,,1.346e+1,
231.700549,,7.735e+0,
231.702401,,4.853e+0,
231.706035,,2.892e+1,
231.735119,,4.997e+1,
231.759565,,8.079e+0,
231.815016,,3.453e+1,
231.831838,,8.623e+0,
231.900799,,7.097e+0,
231.945628,,1.034e+1,
231.968961,,1.102e+1,
231.981176,,7.309e+0,
232.003477,,3.855e+1,
232.015884,,1.096e+1,
232.035752,3.220e+2,,
232.040492,,4.355e+0,
232.124291,,1.274e+1,
232.129331,,5.440e+0,
232.149391,,7.970e+0,
232.168942,,3.618e+2,
232.175553,,5.050e+1,
232.226881,,5.886e+0,
232.266304,,9.668e+0,
232.294102,,9.849e+1,
232.327051,,7.531e+0,
232.408205,,6.924e+0,
232.457906,,3.276e+0,
232.48158,,1.010e+1,
232.503161,,7.330e+0,
232.503556,,3.690e+1,
232.529317,,6.116e+1,
232.571478,,1.403e+2,
232.580906,,3.559e+1,
232.583117,,5.247e+0,
232.622115,,1.232e+2,
232.63607,,1.119e+2,
232.676944,,5.415e+1,
232.681022,,8.508e+1,
232.739541,,1.475e+4,
232.748923,,5.947e+0,
232.761301,,1.739e+1,
232.78751,,1.926e+2,
232.787607,,4.187e+1,
232.796081,,2.598e+2,
232.853981,,1.417e+1,
232.874822,,2.747e+1,
232.933815,,3.086e+1,
232.93619,,1.264e+2,
232.952097,,2.481e+1,
232.970291,,5.096e+0,
232.999213,,8.896e+1,
233.067136,,9.539e+0,
233.105546,,3.309e+1,
233.111243,,7.987e+1,
233.130809,,1.231e+4,
233.154479,,1.026e+1,
233.197444,,2.183e+2,
233.207628,,6.559e+0,
233.224104,,9.459e+1,
233.279874,,4.603e+4,
233.323203,,1.051e+1,
233.34658,,6.282e+0,
233.370814,,2.833e+2,
233.37827,,2.238e+1,
233.39519,,1.167e+1,
233.412286,,6.878e+1,
233.432083,,5.401e+0,
233.447871,,2.956e+1,
233.472734,,5.868e+0,
233.475275,,3.805e+0,
233.493796,,5.479e+0,
233.502501,,4.723e+0,
233.510808,,3.271e+0,
233.570183,,3.772e+1,
233.629823,,1.468e+1,
233.652929,,4.782e+0,
233.682353,,1.219e+2,
233.725207,,4.938e+0,
233.73782,,3.415e+0,
233.743428,,2.632e+1,
233.752387,,5.872e+1,
233.765457,,1.341e+1,
233.776074,,4.780e+1,
233.795905,,4.578e+0,
233.800655,,2.525e+4,
233.891933,,7.086e+0,
233.8975,,,5.235e-3
233.940765,,4.609e+2,
233.988237,,6.377e+1,
234.03555,,8.365e+1,
234.046246,,4.065e+2,
234.05949,,6.131e+0,
234.117466,,8.907e+1,
234.145226,,4.907e+1,
234.164824,,3.949e+1,
234.177605,,6.178e+0,
234.180239,,9.343e+0,
234.230799,,4.191e+1,
234.277038,,6.868e+0,
234.288806,,1.473e+1,
234.330744,,1.655e+2,
234.349481,,8.710e+4,
234.396077,,8.754e+3,
234.399793,,5.669e+0,
234.415459,,4.848e+1,
234.428128,,2.071e+4,
234.446308,,6.718e+0,
234.46028,,2.442e+1,
234.498424,,4.668e+1,
234.533693,,3.971e+3,
234.53641,,4.750e+0,
234.592712,,3.498e+0,
234.595829,,7.203e+0,
234.626874,,1.007e+2,
234.629528,,1.470e+1,
234.63541,,4.569e+1,
234.661662,,8.036e+1,
234.668118,,7.232e+1,
234.713285,,1.827e+1,
234.741119,,2.060e+1,
234.746693,,7.035e+0,
234.77786,,3.689e+0,
234.811561,,2.622e+4,
234.814629,,1.047e+1,
234.830215,,4.041e+4,
234.867434,,5.708e+0,
234.926883,,8.669e+1,
235.001631,,3.335e+1,
235.017812,,2.570e+2,
235.024665,,3.384e+1,
235.051751,,7.734e+1,
235.120071,,3.235e+3,
235.166673,,3.637e+2,
235.1802,,3.664e+1,
235.195675,,3.789e+1,
235.199975,,1.600e+1,
235.23091,,5.859e+2,
235.302355,,1.209e+1,
235.346963,,2.175e+2,
235.360766,,1.959e+1,
235.36784,,3.561e+2,
235.437354,,3.809e+1,
235.442916,,3.635e+0,
235.447758,,2.878e+3,
235.48898,,4.850e+3,
235.52158,,8.704e+2,
235.535023,,9.093e+2,
235.546213,,4.766e+0,
235.577838,,1.095e+1,
235.583823,,2.406e+1,
235.588092,,6.564e+0,
235.59284,,5.669e+0,
235.658861,,4.138e+0,
235.678708,,4.904e+0,
235.687565,,6.374e+0,
235.700312,,7.826e+2,
235.704849,,3.223e+2,
235.726866,,1.620e+1,
235.785354,,1.818e+1,
235.851617,,3.017e+1,
235.880129,,6.884e+0,
235.895281,,2.035e+1,
235.90245,,3.671e+1,
235.910519,,1.757e+4,
235.913209,,3.233e+3,
235.915173,,3.905e+1,
235.959562,,1.033e+3,
235.990517,,2.705e+1,
235.994412,,4.814e+0,
235.999939,,1.859e+4,
236.005399,,5.406e+1,
236.029423,,1.799e+4,
236.041015,,4.770e+1,
236.051098,,2.035e+2,
236.053102,,6.101e+1,
236.100937,,2.454e+1,
236.111153,,5.781e+0,
236.126837,,1.118e+1,
236.172484,,8.528e+2,
236.202138,,5.475e+3,
236.253575,,8.163e+0,
236.269764,,5.615e+0,
236.309538,,4.165e+1,
236.312007,,7.533e+0,
236.3296,,1.872e+1,
236.350029,,3.712e+2,
236.381056,,5.346e+2,
236.386088,,1.856e+3,
236.387816,,1.307e+2,
236.431065,,2.919e+1,
236.470994,,3.468e+1,
236.482785,,2.971e+4,
236.490765,,1.935e+1,
236.502067,,3.311e+1,
236.504971,,1.842e+1,
236.524322,,4.583e+0,
236.529354,,2.643e+1,
236.532035,,4.406e+1,
236.576239,,4.026e+2,
236.5766,,9.691e+1,
236.631858,,2.813e+0,
236.632122,,6.481e+0,
236.642928,,3.045e+1,
236.659348,,2.825e+3,
236.688818,,1.220e+1,
236.805715,,1.486e+1,
236.838066,,7.873e+0,
236.859599,,1.135e+4,
236.892879,,1.811e+1,
236.966052,,3.973e+0,
236.972704,,1.123e+2,
236.977748,,1.035e+1,
236.980878,,5.119e+0,
236.987929,,5.622e+0,
236.991468,,1.307e+1,
236.995317,,2.552e+3,
237.012889,,6.186e+1,
237.018261,,1.265e+1,
237.049866,,3.143e+3,
237.069813,,2.126e+1,
237.080012,,1.394e+1,
237.094115,,4.652e+1,
237.117506,,4.426e+0,
237.174182,,3.851e+1,
237.263287,,7.967e+2,
237.28071,,2.252e+1,
237.30523,,5.506e+0,
237.33787,,3.430e+0,
237.343652,,7.611e+0,
237.360959,,5.831e+1,
237.373534,,2.861e+4,
237.407078,,6.238e+0,
237.420859,,1.552e+1,
237.439114,,7.180e+1,
237.465314,,6.399e+1,
237.487396,,5.678e+1,
237.499572,,1.613e+1,
237.507038,,1.177e+1,
237.51381,,5.564e+1,
237.519365,,8.994e+3,
237.54741,,1.209e+1,
237.610629,,2.844e+1,
237.642916,,3.336e+3,
237.675775,,2.172e+1,
237.727104,,2.774e+0,
237.746169,,1.950e+1,
237.812606,,3.061e+1,
237.852274,,3.190e+2,
237.853897,,4.545e+0,
237.855337,,4.921e+1,
237.86969,,4.095e+1,
237.882028,,3.017e+1,
237.896889,,3.163e+1,
237.900235,,4.429e+2,
237.914193,,1.957e+2,
237.916973,,1.456e+2,
237.920461,,6.620e+0,
237.927624,,1.101e+4,
237.930926,,2.158e+2,
237.935865,,1.585e+1,
237.942084,,5.024e+1,
237.942214,,2.126e+1,
237.950591,,2.050e+1,
237.969114,,9.523e+0,
237.979981,,1.086e+1,
238.015152,,6.259e+0,
238.020491,,1.160e+2,
238.050403,,1.516e+1,
238.067277,,6.464e+1,
238.076128,,1.561e+4,
238.087506,,3.357e+1,
238.090489,,8.168e+0,
238.19581,,1.574e+2,
238.203729,,2.575e+5,
238.216421,,2.418e+1,
238.242361,,5.484e+0,
238.249227,,5.237e+1,
238.257245,,8.305e+0,
238.264821,,4.088e+0,
238.289693,,1.236e+3,
238.306018,,3.695e+3,
238.311729,,1.467e+1,
238.314405,,6.140e+0,
238.319814,,3.317e+1,
238.324494,,1.041e+4,
238.353841,,2.864e+0,
238.431593,,7.451e+0,
238.438765,,5.993e+3,
238.44228,,1.756e+2,
238.451915,,3.949e+1,
238.46427,,5.432e+0,
238.485855,,1.095e+1,
238.509385,,1.568e+1,
238.560784,,4.440e+0,
238.586538,,5.426e+0,
238.600325,,9.370e+0,
238.6374,,3.879e+2,
238.646357,,8.941e+0,
238.708383,,1.051e+1,
238.736719,,4.474e+2,
238.743475,,3.462e+2,
238.764205,,3.853e+1,
238.822624,,6.617e+2,
238.824699,,1.242e+1,
238.834205,,7.532e+0,
238.838783,,1.277e+3,
238.862859,,5.570e+4,
238.862883,,5.428e+0,
238.898807,,2.763e+1,
238.943869,,3.502e+1,
238.953,,,1.748e-3
239.009679,,2.716e+2,
239.075748,,1.902e+2,
239.077207,,9.156e+0,
239.167917,,6.109e+0,
239.172008,,4.861e+0,
239.195845,,9.090e+0,
239.208896,,5.241e+1,
239.212267,,7.637e+0,
239.214906,,1.154e+1,
239.257923,,3.430e+1,
239.334209,,1.119e+1,
239.402705,,6.279e+0,
239.483283,,2.801e+1,
239.488912,,5.096e+2,
239.541911,,6.939e+3,
239.549425,,2.293e+1,
239.554557,,1.795e+1,
239.562498,,1.744e+5,
239.610101,,6.095e+1,
239.671917,,7.274e+2,
239.701728,,9.668e+0,
239.726665,,2.155e+1,
239.864913,,5.575e+2,
239.908157,,7.093e+0,
239.915115,,2.284e+2,
239.924104,,5.464e+4,
239.92665,,1.614e+2,
239.942927,,4.770e+0,
239.95065,,1.308e+2,
239.979552,,1.725e+1,
240.004984,,1.940e+2,
240.027817,,4.825e+2,
240.034394,,2.202e+3,
240.129154,,4.191e+2,
240.170423,,3.587e+0,
240.189466,,4.381e+0,
240.208144,,4.090e+2,
240.22719,,1.560e+2,
240.239312,,5.588e+0,
240.244612,,2.244e+2,
240.263254,,2.371e+2,
240.270985,,2.382e+1,
240.376283,,3.744e+1,
240.39439,,4.459e+0,
240.397055,,2.392e+1,
240.406103,,1.205e+1,
240.443046,,8.329e+3,
240.48854,,1.040e+5,
240.499369,,5.410e+2,
240.502227,,7.001e+0,
240.568265,,3.430e+2,
240.583154,,3.519e+1,
240.666098,,4.184e+4,
240.675456,,4.712e+0,
240.697536,,1.032e+2,
240.699257,,8.875e+2,
240.740896,,5.261e+0,
240.775189,,7.965e+1,
240.864815,,3.100e+2,
240.877437,,6.503e+1,
240.929612,,4.067e+0,
240.953516,,4.806e+1,
240.985883,,9.698e+1,
241.02123,,8.038e+1,
241.026938,,2.371e+2,
241.051889,,6.093e+4,
241.054375,,1.403e+1,
241.098328,,1.551e+1,
241.106724,,3.065e+4,
241.16775,,3.685e+1,
241.180768,,1.359e+2,
241.200755,,4.562e+1,
241.225996,,1.304e+1,
241.243758,,1.563e+2,
241.331009,,2.651e+4,
241.349561,,9.620e+1,
241.367167,,2.399e+1,
241.399319,,1.757e+2,
241.4218,,2.693e+1,
241.506788,,5.336e+2,
241.536129,,8.671e+1,
241.608017,,4.454e+1,
241.64452,,6.839e+2,
241.671562,,1.466e+2,
241.782031,,3.791e+2,
241.787036,,3.291e+3,
241.810057,,3.844e+0,
241.822149,,2.652e+0,
241.843655,,5.055e+2,
241.866488,,4.484e+1,
241.900365,,1.767e+1,
241.993137,,5.012e+0,
241.998818,,2.633e+2,
242.10402,,5.703e+0,
242.181733,,4.072e+0,
242.194507,,9.997e+0,
242.268795,,1.784e+3,
242.278537,,8.357e+0,
242.321014,,1.288e+3,
242.349922,,3.225e+1,
242.414529,,1.202e+4,
242.42042,,7.779e+0,
242.43896,,7.308e+2,
242.459274,,1.141e+3,
242.477695,,4.796e+0,
242.536333,,3.094e+2,
242.563758,,6.768e+1,
242.568541,,5.908e+2,
242.60774,,4.072e+1,
242.61934,,1.137e+1,
242.705457,,9.917e+1,
242.719984,,6.557e+1,
242.72296,,1.659e+1,
242.728356,,1.419e+2,
242.82918,,9.774e+2,
242.836353,,4.093e+3,
242.845699,,4.918e+0,
242.855416,,8.849e+0,
242.879983,,8.564e+2,
242.89684,,8.690e+1,
242.903576,,7.633e+2,
242.915384,,4.019e+2,
242.938632,,1.401e+3,
242.98481,,6.363e+1,
242.986156,,1.207e+1,
243.007804,,8.581e+3,
243.08385,,2.067e+1,
243.088058,,1.440e+2,
243.099808,,7.035e+1,
243.12447,,5.372e+1,
243.182835,,2.022e+1,
243.203199,,6.025e+0,
243.22609,,5.579e+3,
243.236434,,8.686e+0,
243.270008,,1.245e+2,
243.279121,,1.301e+2,
243.287285,,5.195e+3,
243.304112,,8.834e+1,
243.343525,,1.187e+2,
243.349859,,8.220e+2,
243.358123,,1.781e+2,
243.405875,,1.760e+2,
243.405937,,1.031e+1,
243.423727,,7.776e+2,
243.46206,,4.685e+0,
243.46493,,8.163e+2,
243.4729,,4.342e+3,
243.481658,,5.758e+1,
243.490205,,1.998e+2,
243.495157,,3.683e+3,
243.499822,,6.262e+2,
243.621988,,2.763e+2,
243.662163,,7.815e+2,
243.69969,,2.198e+2,
243.6999,,1.181e+2,
243.710385,,5.118e+1,
243.716238,,3.139e+2,
243.720356,,3.942e+2,
243.73337,,4.991e+1,
243.765196,,2.080e+2,
243.818221,9.347e+1,,
243.9055,,8.592e+0,
243.930113,,1.043e+4,
243.974488,1.410e+3,,
243.986829,,9.290e+1,
244.0424,,1.496e+3,
244.04432,,1.598e+1,
244.058596,,2.194e+1,
244.112927,,2.890e+2,
244.164606,,7.440e+0,
244.213245,,9.880e+0,
244.237572,,8.308e+1,
244.256819,1.052e+3,,
244.306241,,5.660e+0,
244.370981,,3.512e+1,
244.383347,,6.845e+1,
244.387166,9.604e+1,,
244.427989,,1.632e+2,
244.45151,,1.316e+4,
244.454777,,3.462e+1,
244.489664,,9.231e+0,
244.510594,,1.050e+3,
244.511349,,5.420e+0,
244.557287,,6.522e+3,
244.579546,,1.186e+3,
244.594523,,3.709e+0,
244.611029,,1.344e+3,
244.632143,,3.455e+0,
244.640777,,4.244e+2,
244.647114,,2.317e+3,
244.720395,,1.109e+3,
244.732687,,8.385e+2,
244.775478,,2.625e+3,
244.81147,,4.994e+1,
244.970743,,6.129e+0,
244.996514,,8.042e+2,
245.003184,,3.548e+2,
245.013838,,7.658e+1,
245.02052,,8.172e+2,
245.028292,,1.513e+2,
245.121675,,3.886e+2,
245.213902,,6.075e+0,
245.219978,,7.147e+1,
245.315467,,3.310e+2,
245.347592,1.892e+2,,
245.356823,5.012e+1,,
245.37472,,9.338e+1,
245.379717,,7.035e+2,
245.391547,,6.725e+1,
245.397559,,4.230e+2,
245.457647,,1.889e+3,
245.458409,,4.488e+2,
245.569105,,9.165e+0,
245.571053,,2.520e+2,
245.589794,,3.728e+2,
245.6642,,2.443e+2,
245.682095,,3.333e+2,
245.696569,,2.098e+1,
245.710169,,2.989e+1,
245.73395,,2.596e+1,
245.758018,,2.770e+2,
245.75968,8.068e+2,,
245.835894,,4.701e+0,
245.878349,,9.118e+3,
245.897303,,1.647e+3,
245.928063,,3.912e+1,
246.015419,,1.221e+2,
246.044008,,2.173e+3,
246.06504,,1.843e+2,
246.128326,,6.000e+3,
246.166967,,3.957e+2,
246.186075,,7.869e+3,
246.218086,1.898e+2,,
246.231822,,1.658e+2,
246.264707,1.915e+3,,
246.3281,,2.470e+3,
246.373043,1.147e+2,,
246.390275,,1.562e+2,
246.400948,,3.511e+3,
246.455817,,3.559e+1,
246.490512,,2.867e+3,
246.514911,5.735e+2,,
246.519992,,2.721e+3,
246.587725,,1.328e+1,
246.591339,,3.174e+3,
246.649743,,2.144e+2,
246.667095,,2.452e+3,
246.676682,,8.537e+2,
246.6819,,3.377e+3,
246.698489,,4.548e+0,
246.774117,,1.251e+2,
246.829792,,5.662e+2,
246.887968,4.119e+2,,
246.951448,,2.574e+3,
246.971512,,8.990e+1,
246.983146,,2.774e+2,
247.040882,,1.176e+3,
247.06691,,4.514e+3,
247.076496,,6.080e+2,
247.087894,,2.906e+1,
247.127562,,1.140e+2,
247.233614,1.431e+2,,
247.235118,1.473e+2,,
247.242804,,1.526e+3,
247.260515,,1.040e+3,
247.26506,,3.521e+0,
247.287203,2.144e+2,,
247.289473,3.210e+3,,
247.303024,,2.175e+2,
247.332105,,2.787e+3,
247.346048,,2.236e+1,
247.405349,,2.649e+1,
247.420916,,5.964e+0,
247.448899,,2.032e+1,
247.45195,,1.601e+1,
247.47651,,2.580e+3,
247.481423,6.137e+2,,
247.511681,,6.778e+2,
247.511798,,3.557e+0,
247.554128,,7.935e+2,
247.626389,,5.662e+2,
247.665658,1.272e+2,,
247.734336,,7.717e+2,
247.790658,,7.114e+0,
247.811309,,3.689e+2,
247.857199,,2.667e+3,
247.92301,,1.067e+2,
247.948014,1.468e+2,,
247.977624,3.002e+3,,
248.015733,,6.309e+3,
248.095101,,1.314e+1,
248.104922,,5.921e+2,
248.157764,,2.132e+2,
248.211711,,5.520e+3,
248.23258,,6.607e+2,
248.265731,,4.522e+3,
248.26755,,1.052e+2,
248.286663,,2.220e+2,
248.327095,2.002e+4,,
248.337126,,1.676e+1,
248.353328,1.473e+2,,
248.365792,,1.013e+1,
248.372344,,7.196e+2,
248.418719,2.307e+3,,
248.424497,,2.734e+3,
248.4442,,5.936e+2,
248.471062,,5.899e+0,
248.48093,,1.085e+1,
248.635096,,5.356e+3,
248.669182,1.938e+2,,
248.706582,2.670e+2,,
248.814253,1.375e+4,,
248.831985,,1.015e+2,
248.8353,,1.394e+2,
248.948035,,1.449e+1,
248.948409,,3.685e+3,
248.975218,2.359e+3,,
248.982965,,8.544e+3,
249.06441,8.494e+3,,
249.071263,,2.345e+3,
249.085808,,3.582e+3,
249.11548,5.021e+3,,
249.123456,,1.300e+2,
249.13962,,2.839e+3,
249.198902,8.734e+1,,
249.234387,,9.078e+2,
249.289088,,1.224e+1,
249.318437,,1.715e+4,
249.322334,,1.470e+3,
249.32634,,3.017e+4,
249.375146,,1.532e+1,
249.387657,,3.505e+2,
249.586831,,5.588e+2,
249.633702,,1.265e+1,
249.639587,,3.078e+0,
249.653365,3.690e+2,,
249.771363,,2.660e+2,
249.781897,,3.478e+3,
249.808182,,1.825e+1,
249.889733,,1.532e+4,
249.896771,,1.550e+2,
250.092331,,1.491e+3,
250.113174,1.857e+3,,
250.135063,,9.701e+1,
250.20438,,4.674e+0,
250.239274,,4.019e+3,
250.321989,,4.498e+0,
250.332617,,3.302e+3,
250.340827,,4.786e+0,
250.353874,,9.123e+1,
250.356459,,1.537e+3,
250.363023,,8.006e+0,
250.387412,,4.550e+3,
250.489035,,3.349e+1,
250.50081,8.628e+1,,
250.609331,,3.581e+3,
250.643244,,1.945e+1,
250.657165,5.482e+1,,
250.67205,,1.164e+1,
250.679662,,3.490e+2,
250.759415,,1.870e+2,
250.766356,,1.205e+1,
250.768625,,1.902e+2,
250.790017,2.654e+2,,
250.834106,,6.718e+1,
250.912102,,6.609e+2,
250.91468,,5.779e+1,
250.948283,,1.580e+1,
250.970208,,4.455e+0,
250.986308,,1.276e+2,
251.01212,,5.237e+1,
251.038472,,1.482e+1,
251.056441,,4.457e+1,
251.083468,2.454e+3,,
251.138032,,1.368e+1,
251.16254,,4.652e+0,
251.176016,,1.398e+4,
251.192456,,9.705e+1,
251.237405,,6.647e+1,
251.252189,,7.703e+2,
251.315055,,1.528e+2,
251.438291,,3.356e+3,
251.490645,,2.945e+2,
251.49331,,4.096e+2,
251.5119,,3.070e+2,
251.590571,,1.471e+1,
251.713289,,2.028e+3,
251.766112,1.668e+2,,
251.797059,,6.053e+1,
251.810145,2.156e+3,,
251.853444,,8.031e+0,
251.904689,,3.877e+3,
251.960309,,2.529e+2,
251.96293,9.935e+1,,
252.026243,,1.150e+2,
252.067325,,2.574e+2,
252.109144,,2.439e+3,
252.121656,,2.438e+2,
252.14858,,2.040e+2,
252.181518,,2.713e+3,
252.284917,7.862e+3,,
252.289172,,3.080e+3,
252.344133,,1.697e+2,
252.429228,1.190e+3,,
252.475367,,7.433e+0,
252.510959,,6.797e+2,
252.532873,,6.390e+0,
252.538757,,1.767e+4,
252.547719,,4.191e+1,
252.563046,,6.709e+0,
252.586365,,2.925e+2,
252.591858,,4.523e+2,
252.607455,,1.778e+3,
252.629366,,1.033e+4,
252.661584,,1.548e+1,
252.710424,,2.399e+3,
252.715584,,4.071e+2,
252.726548,1.681e+2,,
252.743442,5.310e+3,,
252.745377,,1.072e+3,
252.770478,,1.063e+3,
252.907696,,8.774e+2,
252.91348,1.885e+3,,
252.922804,,1.194e+3,
252.93077,1.041e+3,,
252.954427,,1.234e+4,
252.955857,,5.021e+3,
252.983523,4.279e+2,,
252.993112,,2.335e+2,
253.01016,,2.919e+2,
253.010972,,1.891e+3,
253.041772,,1.384e+1,
253.187091,,3.421e+1,
253.314095,8.365e+1,,
253.362706,,1.513e+4,
253.441838,,9.298e+3,
253.450337,,2.919e+1,
253.4889,,9.527e+0,
253.53623,,3.576e+2,
253.548534,,3.405e+3,
253.560682,1.071e+3,,
253.667235,,2.510e+3,
253.680465,,1.096e+4,
253.684491,,6.290e+3,
253.713767,,1.153e+3,
253.717435,2.114e+3,,
253.82042,,2.423e+3,
253.850014,,2.266e+3,
253.867874,,4.523e+2,
253.873744,,1.302e+1,
253.879846,,9.351e+3,
253.890915,,6.667e+3,
253.899319,,1.571e+4,
253.932752,,4.813e+1,
254.05227,,2.440e+2,
254.066413,,1.441e+3,
254.067633,,1.066e+3,
254.097186,1.824e+3,,
254.110078,,3.234e+3,
254.183547,,3.170e+3,
254.210125,2.172e+3,,
254.273584,,1.081e+3,
254.307999,,2.464e+1,
254.33777,,5.279e+3,
254.343122,,1.776e+3,
254.392235,1.899e+3,,
254.497256,,1.498e+3,
254.521963,,3.437e+3,
254.544154,,4.858e+2,
254.574159,,5.087e+0,
254.597818,1.970e+3,,
254.644158,,7.998e+1,
254.666986,,3.631e+3,
254.679801,,5.430e+0,
254.733812,,1.198e+3,
254.832493,,1.044e+3,
254.858901,,1.791e+3,
254.874394,,3.095e+3,
254.892251,,9.775e+2,
254.89734,,1.007e+1,
254.908306,,3.368e+3,
254.939444,,3.663e+3,
254.946137,,3.773e+3,
254.961299,8.527e+2,,
254.965741,,6.530e+1,
254.977423,,4.506e+2,
255.002711,,6.405e+3,
255.01512,,3.122e+2,
255.068285,,4.840e+3,
255.120403,,3.054e+2,
255.12227,,1.632e+2,
255.506719,,8.897e+2,
255.545293,,8.421e+2,
255.667835,,4.991e+0,
255.750566,,7.102e+2,
255.88229,,6.811e+0,
255.97713,,7.469e+2,
255.99251,,6.410e+2,
256.028212,,2.850e+3,
256.209161,,1.293e+3,
256.253533,,3.962e+4,
256.347523,,2.114e+4,
256.384328,,2.712e+2,
256.621961,,9.917e+2,
256.640131,,5.223e+2,
256.650852,,1.307e+1,
256.662423,,5.130e+2,
256.677001,,1.736e+1,
256.691229,,7.479e+3,
256.763085,,1.558e+1,
256.836213,,4.796e+0,
256.840969,,1.193e+3,
256.977955,,4.406e+2,
257.084892,,2.446e+3,
257.087905,,1.395e+2,
257.117236,,1.882e+1,
257.145591,,8.730e+0,
257.208837,,1.609e+1,
257.296762,,3.539e+2,
257.321155,,5.637e+2,
257.436589,,7.337e+3,
257.669004,2.393e+2,,
257.686368,,2.539e+3,
257.792172,,8.159e+3,
257.821023,,2.333e+1,
257.898494,,6.520e+0,
257.911596,,3.803e+2,
258.177834,,5.365e+0,
258.241342,,3.499e+2,
258.258299,,1.232e+4,
258.453576,7.999e+2,,
258.561956,,5.050e+2,
258.587553,,7.389e+4,
258.794912,,2.753e+3,
259.154254,,1.262e+4,
259.278409,,7.787e+3,
259.372753,,2.282e+3,
259.464589,,2.830e+1,
259.496508,,1.591e+2,
259.744843,,4.060e+0,
259.836884,,8.649e+4,
259.939511,,2.489e+5,
259.947113,,6.831e+2,
259.956642,2.513e+2,,
260.15442,,8.036e+0,
260.405528,,4.891e+1,
260.503757,,7.630e+2,
260.531023,,9.669e+2,
260.542486,,8.639e+2,
260.590437,,2.440e+2,
260.65159,,1.661e+3,
260.682632,5.146e+2,,
260.708691,,6.843e+4,
260.752868,,1.907e+2,
260.903727,,5.215e+0,
260.912546,,5.713e+2,
260.92201,9.849e+1,,
260.986565,,4.481e+2,
261.107256,,1.616e+3,
261.187335,,9.919e+4,
261.382399,,4.143e+4,
261.761702,,2.952e+4,
261.801804,1.975e+2,,
261.907388,,1.658e+3,
261.984801,,4.872e+0,
262.017152,,4.225e+2,
262.02417,,4.321e+1,
262.069493,,1.771e+3,
262.166876,,1.094e+4,
262.312997,,2.365e+2,
262.35336,3.642e+2,,
262.370072,,5.433e+1,
262.372504,,7.344e+2,
262.411334,,8.454e+0,
262.548906,,6.702e+3,
262.566683,,3.729e+4,
262.650042,,1.344e+3,
262.829292,,3.457e+4,
262.958832,,3.750e+3,
263.007114,,1.971e+3,
263.100965,,4.444e+3,
263.104672,,4.935e+4,
263.132285,,5.199e+4,
263.160823,,5.372e+3,
263.223736,1.131e+2,,
263.320301,,4.802e+2,
263.580897,2.778e+2,,
263.749723,,1.249e+2,
263.764349,,1.063e+3,
263.956401,,6.463e+2,
264.164161,,3.742e+1,
264.201213,,3.057e+2,
264.399839,2.187e+2,,
264.462737,,6.036e+0,
264.51969,,3.970e+1,
264.53338,,6.184e+1,
264.609677,,3.358e+0,
264.869,,5.205e+1,
264.946951,,2.039e+2,
265.04811,,4.397e+2,
265.168989,,1.039e+2,
265.355724,,1.746e+1,
265.36665,,1.830e+1,
265.462848,,1.064e+2,
265.569241,,3.070e+1,
265.614508,1.159e+2,,
265.71701,,1.796e+1,
265.825182,,3.742e+2,
266.023646,,1.573e+1,
266.177066,,2.495e+1,
266.255676,,8.407e+1,
266.326009,,1.540e+1,
266.425916,,1.302e+2,
266.466349,,7.691e+3,
266.554047,,7.809e+1,
266.663566,,5.820e+3,
266.668252,,3.243e+1,
266.675074,,4.499e+1,
266.681221,1.816e+2,,
266.696468,6.877e+1,,
266.721807,,2.054e+2,
266.761673,,1.130e+1,
266.890955,,3.050e+1,
266.90081,,5.177e+1,
266.949283,8.216e+1,,
266.99362,,5.674e+1,
267.139185,,8.538e+1,
267.192216,,4.773e+1,
267.213914,,4.472e+1,
267.24804,,7.016e+1,
267.254784,,3.768e+0,
267.512275,,4.674e+0,
267.544107,,8.555e+0,
267.687824,,4.645e+1,
267.782873,,5.314e+0,
267.90221,5.683e+1,,
267.906153,3.817e+2,,
267.916313,,4.519e+0,
267.960853,,8.379e+0,
267.977626,,1.068e+1,
268.070249,,8.445e+1,
268.082392,,1.020e+1,
268.102214,,7.753e+0,
268.10437,,6.118e+1,
268.123147,,6.364e+0,
268.251002,,1.249e+2,
268.29965,,1.162e+2,
268.370909,,1.030e+1,
268.475331,,4.268e+3,
268.621706,,3.278e+1,
268.64866,,3.281e+1,
268.695042,,9.657e+0,
268.818954,,1.225e+1,
268.921246,2.619e+2,,
269.251758,,1.631e+1,
269.260157,,4.850e+3,
269.300509,,5.451e+0,
269.404699,,2.004e+1,
269.418379,,1.462e+1,
269.424907,,5.213e+1,
269.506115,,1.958e+1,
269.5143,,,7.262e-5
269.5305,,,4.839e-5
269.612305,,9.878e+0,
269.659208,,1.534e+1,
269.6898,,,2.917e-5
269.732995,,1.429e+2,
269.7332,,,1.203e-5
269.746068,,4.716e+2,
269.779766,,6.290e+1,
269.828519,,3.013e+0,
269.8419,,,1.750e-5
269.92033,,6.766e+1,
270.0047,,,1.498e-5
270.035603,,2.262e+1,
270.1124,,,1.741e-5
270.154206,,5.287e+1,
270.190919,3.230e+1,,
270.398885,,4.757e+3,
270.4427,,,5.419e-6
270.475601,,7.058e+0,
270.5124,,,1.375e-5
270.601226,1.532e+2,,
270.6206,,,3.626e-6
270.658205,2.954e+2,,
270.681914,,8.732e+0,
270.691406,,1.503e+1,
270.71328,,7.234e+2,
270.841702,,1.247e+1,
270.857054,2.596e+2,,
270.905556,,1.229e+3,
270.925,,,8.321e-6
270.969122,,1.486e+1,
270.995,,,4.034e-6
271.003685,,2.867e+1,
271.165486,1.270e+2,,
271.184122,,3.398e+3,
271.229613,,7.298e+1,
271.239033,,8.157e+2,
271.36394,,1.285e+1,
271.441263,,1.654e+4,
271.568453,,2.609e+1,
271.62171,,2.922e+3,
271.787366,,1.371e+2,
271.792879,,1.950e+1,
271.843604,2.467e+2,,
271.8641,,2.455e+2,
271.900257,,8.312e+1,
271.90272,5.811e+3,,
271.906026,2.276e+2,,
271.919672,,1.128e+1,
271.930183,,5.138e+2,
271.941996,1.808e+2,,
272.077785,,1.583e+1,
272.090204,2.896e+3,,
272.206232,,5.046e+2,
272.27403,,1.706e+2,
272.341711,,1.754e+1,
272.357709,9.215e+2,,
272.488383,,2.685e+3,
272.605496,1.188e+2,,
272.62654,,8.069e+0,
272.681931,,1.327e+1,
272.738311,,1.755e+3,
272.753883,,1.757e+4,
272.771546,,5.623e+0,
272.881978,1.371e+2,,
272.890525,,5.616e+2,
272.932887,,3.091e+1,
273.069936,,7.848e+0,
273.073388,,5.068e+3,
273.124332,,2.633e+1,
273.29409,,1.512e+2,
273.350755,,1.613e+1,
273.35802,1.621e+3,,
273.445679,,1.021e+1,
273.48111,,5.731e+1,
273.508853,,1.262e+1,
273.541866,,3.879e+0,
273.547518,8.477e+2,,
273.69659,,1.120e+4,
273.730891,1.174e+3,,
273.763973,6.832e+1,,
273.891171,,5.928e+0,
273.892785,,3.062e+1,
273.90448,,3.513e+0,
273.94188,,3.655e+0,
273.954713,,8.914e+4,
274.087931,,6.497e+0,
274.139391,,5.299e+2,
274.168546,,4.850e+0,
274.225398,3.974e+2,,
274.240512,1.309e+3,,
274.247238,,6.907e+0,
274.265936,,3.840e+1,
274.27247,,4.077e+0,
274.284756,,1.776e+1,
274.319665,,3.579e+4,
274.322148,,1.276e+2,
274.406714,5.004e+2,,
274.452716,1.720e+2,,
274.46507,,5.061e+0,
274.528094,,2.267e+1,
274.536539,,2.816e+0,
274.612515,,1.559e+2,
274.63582,,1.048e+2,
274.648342,,5.733e+4,
274.651725,,1.710e+2,
274.69816,,4.903e+4,
274.712147,,3.078e+2,
274.742405,,1.306e+1,
274.805689,,3.025e+1,
274.91807,,2.266e+4,
274.932122,,8.387e+4,
274.935226,,4.675e+1,
274.943415,,8.698e+0,
274.948575,,1.065e+4,
275.014032,1.121e+3,,
275.112505,,6.533e+2,
275.214909,,2.215e+2,
275.30311,,6.118e+1,
275.328741,,1.195e+4,
275.488844,,5.352e+2,
275.573622,,1.113e+5,
275.632792,3.927e+2,,
275.702981,,3.677e+2,
275.731536,1.937e+2,,
275.87489,,4.215e+0,
275.947913,,1.272e+1,
276.118243,,3.020e+1,
276.144902,,3.530e+0,
276.177959,2.261e+2,,
276.181279,,2.584e+3,
276.202644,2.966e+2,,
276.233253,,2.654e+2,
276.365565,,6.003e+1,
276.512791,,2.031e+1,
276.522092,,5.111e+0,
276.59919,,3.513e+0,
276.63732,,4.218e+0,
276.750231,,1.220e+4,
276.751188,,8.985e+2,
276.752184,3.379e+2,,
276.878594,,9.238e+0,
276.915233,,3.737e+2,
276.9298,1.343e+2,,
276.933321,,1.268e+2,
276.935579,,1.758e+3,
276.980888,,5.554e+0,
276.983366,,2.861e+1,
277.22988,,9.431e+0,
277.36603,,6.045e+0,
277.468583,,5.483e+2,
277.690787,,2.506e+2,
277.822004,2.726e+2,,
277.829247,,2.386e+1,
277.929919,,4.397e+3,
277.99052,,1.486e+2,
278.069735,4.058e+1,,
278.369059,,6.002e+3,
278.482256,,5.623e+0,
278.519187,,1.225e+3,
278.724066,,7.962e+1,
278.810461,2.134e+3,,
278.980132,9.439e+1,,
279.004449,,1.871e+1,
279.33679,,4.558e+0,
279.378689,,2.965e+1,
279.388699,,9.393e+2,
279.392861,,6.684e+1,
279.662781,,1.601e+2,
279.719594,,4.406e+1,
279.900452,,3.902e+0,
279.914669,,3.501e+0,
279.929445,,7.036e+2,
280.053681,,5.044e+1,
280.343055,,5.033e+1,
280.361272,5.400e+1,,
280.452009,2.544e+2,,
280.486239,7.382e+1,,
280.49991,,3.909e+1,
280.6984,3.418e+2,,
280.978237,,1.895e+2,
281.328628,1.027e+3,,
281.708677,,9.780e+1,
282.205821,,9.098e+0,
282.327574,2.805e+2,,
282.555564,3.164e+2,,
282.862643,,4.193e+2,
283.156086,,2.919e+3,
283.243532,5.765e+2,,
283.308469,,1.991e+2,
283.571128,,1.971e+3,
283.811948,1.683e+2,,
283.821563,,1.276e+2,
283.951284,,7.688e+2,
283.979925,,4.643e+2,
284.03438,,6.512e+2,
284.06495,,1.712e+3,
284.075842,,6.606e+2,
284.397643,5.888e+2,,
284.495678,,6.471e+1,
284.542453,,1.466e+2,
284.559529,,5.979e+2,
284.777326,,1.467e+2,
284.78835,,6.007e+0,
284.805096,,6.605e+2,
284.810597,,3.700e+2,
284.831972,,3.820e+2,
284.91723,,7.064e+0,
285.172165,,2.306e+2,
285.179684,4.431e+2,,
285.26217,,1.084e+1,
285.566745,,5.836e+2,
285.637705,,2.689e+2,
285.69086,,7.004e+2,
285.717436,,3.192e+2,
285.834051,,2.171e+3,
285.862882,,7.208e+1,
285.918,,,4.704e-8
285.9215,,,6.514e-8
285.9278,,,9.020e-8
285.9373,,,1.204e-7
285.9493,,,1.582e-7
286.412258,,8.847e+1,
286.62008,,1.651e+1,
286.931212,,1.495e+2,
287.2385,,8.637e+2,
287.339744,,1.693e+3,
287.534774,,7.927e+2,
287.680324,,4.358e+2,
288.082973,,3.518e+2,
288.250544,,2.662e+1,
288.37103,,1.388e+3,
288.426884,,2.414e+1,
288.476457,,1.316e+2,
288.78048,5.361e+1,,
288.938376,,4.579e+0,
289.247758,5.370e+1,,
289.450402,1.906e+2,,
289.477812,,4.491e+2,
289.521926,,3.826e+2,
289.72647,,4.055e+2,
289.832392,,9.920e+0,
289.925629,,1.867e+1,
289.941447,1.116e+2,,
290.191002,1.385e+2,,
290.574367,,1.809e+1,
290.751736,9.096e+1,,
290.88558,5.492e+1,,
291.068574,,1.906e+1,
291.179562,,1.532e+1,
291.80246,4.808e+2,,
291.852878,,2.361e+1,
291.984079,5.789e+1,,
292.018401,,1.109e+1,
292.32855,4.685e+2,,
292.38524,1.780e+2,,
292.535761,7.773e+1,,
292.658526,,3.433e+3,
292.85017,,6.750e+0,
292.900692,1.963e+2,,
292.91177,4.112e+2,,
293.58832,,7.834e+0,
293.690315,1.033e+3,,
293.884951,,9.220e+0,
294.01131,,2.105e+1,
294.293817,,7.743e+0,
294.439523,,2.380e+3,
294.765478,,2.814e+3,
294.787579,1.013e+3,,
294.84334,1.628e+2,,
294.918118,,8.617e+2,
295.348572,1.356e+2,,
295.377413,,2.758e+3,
295.39398,7.275e+2,,
295.465223,6.391e+1,,
295.736437,4.015e+2,,
295.99919,3.744e+2,,
296.06598,3.392e+1,,
296.525433,2.631e+2,,
296.689802,2.560e+3,,
296.768235,,5.193e+0,
296.886945,,7.583e+0,
296.993598,,5.844e+2,
297.009942,4.157e+2,,
297.31323,7.475e+2,,
297.323506,1.350e+3,,
297.612673,6.028e+1,,
298.05322,6.423e+1,,
298.144486,2.708e+2,,
298.184977,1.660e+2,,
298.206129,,3.190e+2,
298.356951,1.710e+3,,
298.482518,,9.517e+3,
298.496179,,2.091e+1,
298.554538,,3.346e+3,
298.63442,,1.153e+1,
298.778925,,2.210e+1,
299.039127,2.225e+2,,
299.442662,1.853e+3,,
299.638525,6.710e+1,,
299.95114,7.092e+2,,
300.045121,1.209e+2,,
300.09476,1.583e+3,,
300.26421,,3.025e+1,
300.264448,,3.962e+3,
300.7068,,,2.852e-5
300.715,,,7.976e-6
300.7216,,,1.934e-5
300.7275,,,3.639e-5
300.729,,,8.040e-6
300.7401,,,4.987e-6
300.745,,,1.155e-5
300.7496,,,5.854e-6
300.7607,,,5.854e-6
300.813796,8.683e+2,,
300.909315,7.005e+1,,
300.956911,4.681e+2,,
301.14811,1.968e+2,,
301.762704,1.680e+2,,
301.898281,2.543e+2,,
302.049056,8.191e+2,,
302.063878,6.295e+3,,
302.107248,2.789e+3,,
302.403247,2.019e+2,,
302.56362,6.386e+2,,
302.584226,8.583e+2,,
302.646179,1.898e+2,,
303.014796,4.544e+2,,
303.696336,,8.221e+1,
303.738855,1.229e+3,,
304.760437,1.741e+3,,
304.899121,,9.130e+1,
305.306552,6.521e+1,,
305.535094,,6.706e+1,
305.744545,1.155e+3,,
305.908538,1.352e+3,,
306.22358,,5.153e+2,
306.647863,4.085e+1,,
306.69987,8.308e+1,,
306.724366,8.583e+2,,
307.112537,,6.247e+1,
307.57194,5.973e+2,,
307.643517,,1.420e+2,
307.716888,,6.333e+2,
307.867997,,2.949e+2,
307.99892,3.374e+1,,
308.374072,3.441e+2,,
309.157641,2.037e+2,,
309.81885,5.721e+1,,
309.989442,2.156e+2,,
309.996786,3.038e+2,,
310.030329,3.557e+2,,
310.066467,3.714e+2,,
311.949482,6.867e+1,,
312.56824,8.894e+1,,
313.251786,1.021e+2,,
314.399022,2.396e+2,,
315.182908,,9.080e+0,
315.319962,6.730e+1,,
315.420101,,1.166e+3,
315.627342,1.915e+2,,
315.703585,1.349e+2,,
315.788474,1.051e+2,,
316.065717,1.698e+2,,
316.194619,6.076e+1,,
316.643508,6.873e+1,,
316.785477,,7.035e+2,
317.135108,6.891e+1,,
317.544444,1.619e+2,,
317.753376,,7.082e+2,
317.801268,1.181e+2,,
317.95045,,1.960e+2,
318.022325,3.889e+2,,
318.151907,7.842e+1,,
318.29781,1.254e+2,,
318.881875,1.210e+2,,
319.064942,3.446e+1,,
319.280021,2.407e+2,,
319.329965,2.094e+2,,
319.612206,8.562e+1,,
319.692708,6.711e+2,,
319.95302,2.058e+2,,
320.539789,2.860e+2,,
321.022879,1.314e+2,,
321.082878,2.759e+2,,
321.198577,4.462e+2,,
321.401115,5.974e+2,,
321.406168,6.009e+2,,
321.59378,3.099e+2,,
321.737689,1.452e+2,,
321.958202,4.281e+2,,
321.980425,2.655e+2,,
322.206713,1.029e+3,,
322.578709,1.666e+3,,
322.774314,,3.590e+3,
322.779521,3.682e+2,,
322.824874,1.134e+2,,
322.999065,6.660e+1,,
323.020722,1.049e+2,,
323.096349,1.923e+2,,
323.30516,2.980e+2,,
323.396736,2.000e+2,,
323.943258,2.855e+2,,
324.418738,3.640e+2,,
324.820399,1.425e+2,,
325.35991,6.979e+1,,
325.43618,2.600e+2,,
325.877307,,4.267e+2,
325.905153,,3.758e+2,
326.561634,2.177e+2,,
327.09998,2.690e+2,,
328.02599,2.175e+2,,
328.28904,8.280e+1,,
328.675278,6.114e+2,,
329.20206,2.599e+2,,
329.25893,1.261e+2,,
330.597065,4.134e+2,,
330.6342,3.224e+2,,
330.635695,3.444e+2,,
330.72333,1.323e+2,,
331.474131,2.480e+2,,
332.247325,6.389e+1,,
332.373598,1.105e+2,,
332.886592,1.249e+2,,
335.52276,1.191e+2,,
336.95471,1.783e+2,,
337.078304,3.038e+2,,
338.010987,1.050e+2,,
339.265213,2.159e+2,,
339.933299,2.231e+2,,
340.22556,1.633e+2,,
340.435382,1.240e+2,,
340.64368,7.496e+1,,
340.679933,9.917e+1,,
340.745937,9.135e+2,,
341.0169,1.227e+2,,
341.313213,3.709e+2,,
341.784044,1.935e+2,,
341.8507,1.590e+2,,
342.265573,1.115e+2,,
342.428418,1.912e+2,,
342.501,1.279e+2,,
342.662792,9.684e+1,,
342.66657,6.723e+1,,
342.71193,7.719e+2,,
342.819254,1.425e+2,,
344.060547,1.820e+3,,
344.098835,8.958e+2,,
344.387624,3.323e+2,,
344.514901,2.779e+2,,
345.032799,1.168e+2,,
345.191434,9.417e+1,,
345.99141,4.943e+1,,
346.586035,4.992e+2,,
346.9012,4.455e+1,,
347.544997,7.044e+2,,
347.63442,8.129e+1,,
347.670157,2.400e+2,,
348.96673,8.141e+1,,
349.057352,6.536e+2,,
349.528625,8.243e+1,,
349.710322,1.155e+2,,
349.784032,2.225e+2,,
350.84739,5.824e+1,,
351.381746,2.597e+2,,
352.126097,3.657e+2,,
352.604056,1.214e+2,,
352.616556,1.845e+2,,
352.623782,1.446e+2,,
352.638112,2.734e+2,,
352.646707,1.097e+2,,
352.667458,2.462e+2,,
352.779254,1.876e+2,,
352.98196,2.170e+2,,
353.038663,6.076e+1,,
353.30064,2.385e+2,,
353.319818,3.862e+2,,
353.655599,6.586e+2,,
353.789469,8.698e+1,,
354.012088,8.178e+1,,
354.108318,9.259e+2,,
354.207525,8.220e+2,,
354.36751,4.442e+1,,
354.563971,1.804e+2,,
354.71937,4.005e+1,,
355.282821,8.359e+1,,
355.37382,4.696e+2,,
355.492419,1.829e+3,,
355.687773,4.458e+2,,
355.851482,7.888e+2,,
355.95033,5.248e+1,,
356.069691,4.428e+1,,
356.537873,2.555e+3,,
356.703117,5.688e+1,,
356.882273,4.053e+1,,
357.009748,5.163e+3,,
357.199499,3.249e+2,,
357.339362,4.709e+1,,
357.388852,2.570e+2,,
357.524502,6.856e+1,,
357.53696,1.304e+2,,
357.675803,5.266e+1,,
358.11928,9.839e+3,,
358.21995,1.781e+2,,
358.46592,4.307e+2,,
358.478629,7.810e+1,,
358.49574,4.065e+2,,
358.531869,5.525e+2,,
358.570513,2.379e+2,,
358.61135,5.340e+2,,
358.698438,5.432e+2,,
358.723885,6.982e+1,,
358.860886,1.359e+2,,
358.891728,6.419e+1,,
358.945168,8.485e+1,,
359.463208,2.897e+2,,
359.96249,1.049e+2,,
360.2462,7.271e+1,,
360.252548,1.080e+2,,
360.320302,3.452e+2,,
360.54525,4.916e+2,,
360.550035,2.522e+2,,
360.6679,1.310e+3,,
360.814151,7.106e+1,,
360.885895,2.660e+3,,
361.015895,8.331e+2,,
361.206836,1.533e+2,,
361.778596,4.406e+2,,
361.838582,9.485e+1,,
361.87675,3.410e+3,,
362.14605,5.826e+2,,
362.17188,4.921e+1,,
362.200323,4.154e+2,,
362.31859,1.431e+2,,
362.514143,7.888e+1,,
363.034738,7.721e+1,,
363.109689,2.557e+2,,
363.146292,3.280e+3,,
363.20384,2.873e+2,,
363.432842,7.161e+1,,
363.62236,8.194e+1,,
363.82962,2.490e+2,,
364.03881,4.758e+2,,
364.582,1.213e+2,,
364.74237,8.769e+1,,
364.784225,2.393e+3,,
364.950594,4.488e+2,,
365.002947,1.476e+2,,
365.02787,1.111e+2,,
365.146668,6.227e+2,,
365.546479,6.533e+1,,
365.951641,9.213e+1,,
366.70252,,3.952e+0,
366.725284,6.969e+1,,
366.952079,2.039e+2,,
367.00884,9.343e+1,,
367.73056,8.822e+1,,
367.76277,3.696e+2,,
367.991309,2.387e+2,,
368.22445,4.164e+2,,
368.410722,2.623e+2,,
368.41374,4.622e+1,,
368.599687,3.755e+2,,
368.745628,5.903e+2,,
368.765787,8.406e+1,,
368.846062,4.928e+1,,
368.945775,3.414e+2,,
369.07268,1.792e+2,,
369.400589,5.452e+2,,
369.505245,2.650e+2,,
369.742522,1.323e+2,,
370.108586,5.587e+2,,
370.369071,7.209e+1,,
370.446079,1.701e+2,,
370.556548,4.199e+2,,
370.791945,3.715e+2,,
370.924612,8.637e+2,,
371.140799,5.868e+1,,
371.644188,2.566e+2,,
371.993444,3.552e+3,,
372.150232,9.275e+1,,
372.256272,4.550e+2,,
372.437686,1.492e+2,,
372.69261,2.196e+2,,
372.709201,1.270e+2,,
372.761872,8.622e+2,,
372.780888,9.562e+1,,
373.038621,1.023e+2,,
373.23961,3.010e+2,,
373.331716,3.512e+2,,
373.486354,8.480e+3,,
373.532365,2.596e+2,,
373.713125,2.439e+3,,
373.83049,3.453e+2,,
374.023905,9.193e+1,,
374.261655,6.533e+1,,
374.336183,5.898e+2,,
374.34677,3.801e+2,,
374.410236,9.278e+1,,
374.556086,1.504e+3,,
374.58991,3.968e+2,,
374.692683,1.661e+2,,
374.826189,8.376e+2,,
374.896457,1.760e+2,,
374.948483,5.630e+3,,
375.361052,1.422e+2,,
375.69371,1.399e+2,,
375.823267,3.510e+3,,
376.00494,1.251e+2,,
376.378864,2.094e+3,,
376.55384,1.163e+3,,
376.71915,1.449e+3,,
377.850889,4.754e+1,,
378.618693,8.091e+1,,
378.787991,4.965e+2,,
379.500205,6.367e+2,,
379.75145,4.980e+2,,
379.851096,3.040e+2,,
379.954711,5.394e+2,,
380.5342,7.484e+2,,
380.62165,5.301e+1,,
380.66953,3.922e+2,,
381.296424,3.280e+2,,
381.38834,4.160e+1,,
381.58397,3.849e+3,,
381.763905,6.567e+1,,
382.042491,5.532e+3,,
382.11774,5.976e+2,,
382.444329,4.325e+2,,
382.588058,3.660e+3,,
382.78222,2.422e+3,,
383.422219,1.908e+3,,
383.633025,1.337e+2,,
383.92558,2.221e+2,,
384.04372,1.159e+3,,
384.10475,1.809e+3,,
384.32565,2.729e+2,,
384.64092,9.437e+1,,
384.68001,3.738e+2,,
384.996631,4.910e+2,,
385.637115,4.941e+2,,
385.921236,1.620e+2,,
385.991106,1.961e+3,,
386.552292,3.823e+2,,
386.721579,1.750e+2,,
387.1748,7.633e+1,,
387.250102,4.433e+2,,
387.376015,1.181e+2,,
387.801779,4.733e+2,,
387.857282,3.874e+2,,
387.87262,1.385e+2,,
388.327981,7.954e+1,,
388.628183,8.084e+2,,
388.704779,2.920e+2,,
388.851317,5.766e+2,,
388.882145,6.594e+1,,
389.19264,6.173e+1,,
389.338988,1.333e+2,,
389.565597,1.948e+2,,
389.78893,1.267e+2,,
389.970707,2.747e+2,,
390.294512,7.354e+2,,
390.38977,8.029e+1,,
390.647918,5.225e+1,,
391.67305,1.001e+2,,
391.864151,9.455e+1,,
392.025748,1.633e+2,,
392.291129,2.186e+2,,
392.791947,2.769e+2,,
393.02964,3.041e+2,,
393.581244,8.036e+1,,
394.80971,1.115e+2,,
394.87747,1.725e+2,,
395.11632,1.967e+2,,
395.432,,,4.394e-6
395.4375,,,1.133e-6
395.645488,1.850e+2,,
395.66763,2.613e+2,,
395.701788,1.086e+2,,
396.31003,6.880e+1,,
396.742064,9.615e+1,,
396.8711,,,2.248e-6
396.925691,8.806e+2,,
396.9498,,,1.398e-6
397.113,,,4.305e-8
397.661301,4.875e+1,,
397.8402,,,8.360e-7
397.9416,,,1.082e-6
399.69635,4.466e+1,,
399.73917,2.276e+2,,
399.9776,,,5.147e-8
399.9887,,,5.643e-8
400.0767,,,7.554e-8
400.3227,,,1.019e-7
400.524148,5.431e+2,,
400.875,,,1.407e-7
401.453083,1.295e+2,,
402.186604,1.248e+2,,
402.472471,7.308e+1,,
403.048821,1.188e+2,,
403.5423,,,1.901e-6
404.389713,6.195e+1,,
404.581193,4.581e+3,,
405.2513,,,3.639e-8
405.3112,,,2.603e-6
406.173,,,4.771e-8
406.359365,2.591e+3,,
406.797774,1.452e+2,,
406.9206,,,1.225e-8
407.173752,2.034e+3,,
407.662889,1.277e+2,,
408.101,,,3.317e-6
408.1507,,,6.035e-8
408.2014,,,3.831e-8
408.2477,,,6.289e-8
408.2759,,,5.829e-8
408.449152,7.471e+1,,
408.530273,6.560e+1,,
408.9941,,,2.906e-8
409.0975,,,3.757e-8
409.2298,,,3.100e-8
409.2627,,,2.973e-8
409.3057,,,4.292e-8
409.3228,,,6.600e-8
409.4336,,,1.495e-8
409.5266,,,5.226e-8
409.5371,,,8.140e-8
409.6556,,,5.963e-8
409.756,,,4.845e-8
409.7587,,,6.313e-8
410.0475,,,5.711e-8
410.5481,,,3.935e-8
410.9128,,,1.461e-8
411.29584,6.009e+1,,
411.8389,,,8.040e-8
411.85443,4.979e+2,,
411.8722,,,7.795e-8
411.8864,,,8.784e-8
411.936,,,5.834e-8
411.9361,,,7.889e-8
411.9852,,,1.138e-7
412.09,,,2.619e-6
412.1338,,,1.735e-7
412.2023,,,4.355e-6
412.2788,,,3.922e-6
412.3006,,,1.692e-8
412.56199,4.426e+1,,
412.6552,,,3.188e-8
413.205785,4.598e+2,,
413.467722,1.435e+2,,
413.699755,1.261e+2,,
413.7128,,,1.407e-7
413.7762,,,7.230e-6
413.9348,,,5.630e-6
414.0482,,,2.139e-6
414.2644,,,2.403e-8
414.341445,3.234e+2,,
414.386752,7.068e+2,,
414.5645,,,1.802e-7
415.389948,1.744e+2,,
415.449849,1.318e+2,,
415.480514,1.499e+2,,
415.4966,,,2.256e-7
415.679861,1.000e+2,,
415.7117,,,4.315e-8
415.777954,1.417e+2,,
415.879208,7.338e+1,,
416.4729,,,1.398e-5
416.4947,,,3.015e-7
416.6841,,,4.296e-6
417.0575,,,4.016e-8
417.4258,,,3.892e-7
417.563572,9.500e+1,,
417.741,,,2.645e-8
417.7856,,,1.777e-8
418.175449,2.755e+2,,
418.4044,,,5.533e-8
418.4168,,,4.460e-8
418.703842,2.682e+2,,
418.779491,2.721e+2,,
418.8905,,,5.978e-8
419.142997,2.011e+2,,
419.394,,,3.153e-8
419.532874,1.268e+2,,
419.5457,,,4.728e-8
419.620852,7.434e+1,,
419.824651,1.328e+2,,
419.830363,1.912e+2,,
419.863389,5.976e+1,,
419.909489,7.495e+2,,
420.202885,4.895e+2,,
420.3836,,,5.399e-8
420.5894,,,3.426e-8
420.9388,,,1.192e-8
421.0681,,,1.433e-7
421.75454,1.176e+2,,
421.93595,3.107e+2,,
422.2271,,,2.150e-6
422.41711,1.192e+2,,
422.54541,1.125e+2,,
422.74264,7.304e+2,,
423.36021,2.308e+2,,
423.59361,4.476e+2,,
423.8619,,,1.526e-6
423.88096,2.177e+2,,
424.0672,,,1.205e-7
424.3414,,,9.044e-8
424.5693,,,6.377e-8
424.6124,,,7.815e-8
424.7425,2.216e+2,,
424.834,,,4.124e-8
425.01188,3.706e+2,,
425.0202,,,9.145e-8
425.07864,4.546e+2,,
425.1473,,,1.017e-7
425.3486,,,7.212e-8
425.6337,,,5.670e-8
425.8826,,,3.792e-8
426.04736,1.212e+3,,
426.1411,,,2.842e-7
426.3383,,,2.653e-8
426.677,,,3.905e-8
427.11531,4.333e+2,,
427.17599,1.741e+3,,
427.34,,,2.911e-7
427.342,,,5.135e-7
428.24026,2.120e+2,,
428.615,,,3.947e-7
428.617,,,8.459e-7
429.41244,1.979e+2,,
429.685,,,1.722e-6
429.9234,3.919e+2,,
430.477,,,2.211e-6
430.79017,2.013e+3,,
431.036,,,2.704e-6
432.57616,2.300e+3,,
437.206,,,6.417e-7
437.215,,,8.919e-7
437.216,,,1.785e-7
437.23,,,2.605e-7
437.232,,,1.225e-6
437.25,,,1.909e-6
437.277,,,2.346e-6
438.35444,4.112e+3,,
438.84066,6.506e+1,,
440.47498,1.745e+3,,
441.51221,5.620e+2,,
443.32183,5.558e+1,,
446.6551,1.722e+2,,
446.93754,1.004e+2,,
452.86136,2.008e+2,,
487.13178,3.044e+2,,
487.21373,1.871e+2,,
489.07549,2.807e+2,,
489.1492,5.514e+2,,
490.814553,,4.826e+0,
491.329562,,1.054e+1,
491.89936,3.205e+2,,
492.05021,8.523e+2,,
494.808717,,5.602e+0,
494.879114,,8.233e+0,
495.158055,,1.498e+1,
495.72979,2.809e+2,,
495.75961,1.282e+3,,
497.70331,,7.987e+0,
498.448536,,1.098e+1,
498.52527,6.759e+1,,
499.05064,,1.414e+1,
500.18631,2.500e+2,,
500.19529,,7.950e+1,
500.41881,,3.085e+1,
500.61184,1.783e+2,,
500.773506,,4.972e+0,
501.49422,1.206e+2,,
501.57519,,8.378e+0,
502.1591,,6.128e+0,
502.22353,6.336e+1,,
502.241819,,7.585e+0,
502.278888,,7.700e+0,
503.063177,,2.565e+1,
503.270361,,1.025e+1,
503.57,,4.085e+1,
504.51064,,9.204e+0,
504.763186,,5.429e+0,
506.170973,,1.812e+1,
506.789012,,7.627e+0,
507.089569,,1.734e+1,
507.47476,1.098e+2,,
507.57597,,1.225e+1,
508.222657,,6.273e+0,
508.92128,,9.418e+0,
509.07727,6.584e+1,,
509.35724,,1.278e+1,
509.72743,,1.805e+1,
510.061173,,1.498e+1,
510.07343,,4.536e+1,
510.61082,,5.207e+0,
511.1066,,,4.326e-7
511.70311,,7.572e+0,
513.73814,6.897e+1,,
513.9462,2.069e+2,,
514.387456,,5.104e+0,
514.43515,,1.626e+1,
514.57306,,5.185e+0,
514.5822,,6.061e+0,
514.946227,,2.933e+1,
515.048129,,6.861e+0,
515.72862,,5.480e+0,
516.655135,,7.356e+0,
516.74879,2.186e+2,,
517.70188,,5.579e+0,
518.03117,,7.135e+0,
518.68671,,5.151e+0,
519.14542,1.709e+2,,
519.23434,2.399e+2,,
519.48864,,6.267e+0,
519.91191,,1.171e+1,
520.07977,,8.050e+0,
520.36342,,6.682e+0,
521.045,,,4.328e-8
521.534741,,8.816e+0,
521.584563,,6.123e+0,
521.68579,,2.355e+1,
521.68587,,3.750e+1,
521.8116,,,8.057e-8
521.884132,,6.009e+0,
522.32559,,5.907e+0,
522.68612,1.697e+2,,
522.71889,1.586e+2,,
522.73171,,1.182e+1,
522.74855,,5.749e+1,
522.857,,,3.772e-8
523.0782,,,4.989e-7
523.278145,,7.300e+0,
523.29398,5.893e+2,,
523.794901,,1.049e+1,
524.3309,,,4.070e-5
524.79558,,2.692e+1,
525.12257,,2.034e+1,
525.36489,,6.049e+0,
525.711889,,1.121e+1,
526.02544,,1.044e+2,
526.4179,,1.560e+1,
526.65543,2.619e+2,,
526.95366,2.571e+2,,
527.00313,,4.954e+0,
527.03561,1.171e+2,,
527.2981,,,1.129e-6
528.23,,,2.070e-5
528.36207,1.493e+2,,
528.4833,,,8.539e-7
529.1661,,2.787e+1,
529.8117,,,6.586e-7
530.61824,,8.519e+0,
530.9922,,,5.021e-7
531.0881,,,4.491e-7
531.62138,,1.869e+1,
531.80546,,4.768e+0,
532.41785,4.065e+2,,
532.80381,1.757e+2,,
533.95943,,2.724e+1,
536.27474,,5.092e+0,
536.29701,,4.904e+0,
536.3744,,,2.411e-7
536.48704,2.541e+2,,
536.62086,,5.004e+0,
536.74654,4.300e+2,,
536.99607,5.567e+2,,
537.14891,1.118e+2,,
537.547,,,3.613e-7
538.3368,7.592e+2,,
538.70629,,2.450e+1,
539.58544,,1.374e+1,
539.71274,5.222e+1,,
540.20573,,2.187e+1,
540.41508,5.083e+2,,
540.57743,6.845e+1,,
541.09092,3.670e+2,,
541.13773,,6.415e+0,
541.51984,7.019e+2,,
542.96962,6.525e+1,,
542.99869,,1.909e+1,
543.45233,3.527e+1,,
544.43868,,4.840e+0,
544.58003,,5.887e+0,
544.69162,5.836e+1,,
545.0095,,5.648e+0,
545.56089,3.799e+1,,
545.77218,,5.064e+0,
546.3275,1.786e+2,,
546.5932,,1.560e+1,
547.58263,,6.600e+0,
547.65642,7.505e+1,,
548.23056,,1.939e+1,
548.76177,,1.401e+1,
549.20786,,8.671e+0,
549.23978,,6.358e+0,
549.38309,,1.439e+1,
550.26696,,4.786e+0,
550.32151,,6.032e+0,
550.61986,,5.646e+1,
550.7071,,6.831e+0,
551.07833,,9.318e+0,
553.20858,,6.200e+0,
554.47582,,1.074e+1,
554.90002,,5.092e+0,
556.96178,1.388e+2,,
557.28421,2.304e+2,,
557.79122,,5.679e+0,
558.67553,3.205e+2,,
558.82208,,1.056e+1,
561.56436,5.209e+2,,
563.39459,4.206e+1,,
564.539,,1.173e+1,
564.88996,,5.145e+0,
566.1402,,,3.187e-7
568.65296,4.928e+1,,
569.564,,,3.702e-8
572.65527,,5.950e+0,
573.3427,,,5.079e-7
574.4192,,,6.875e-7
575.6404,,,9.536e-7
576.29918,6.486e+1,,
578.01279,,1.777e+1,
578.36226,,1.495e+1,
578.44455,,8.849e+0,
579.9943,,,2.076e-7
581.3305,,,3.837e-7
581.8489,,,3.845e-7
582.1375,,,7.949e-8
583.0607,,,1.660e-7
583.3931,,,6.334e-5
583.803,,,1.422e-7
584.8754,,,1.987e-7
584.8775,,,6.143e-7
585.41872,,4.904e+0,
585.4615,,,1.741e-6
586.0965,,,4.533e-7
586.4062,,,3.716e-7
587.6305,,,1.441e-6
588.50144,,1.249e+1,
589.1904,,,4.835e-5
589.8669,,,1.201e-6
590.28231,,1.697e+1,
591.897,,,4.594e-7
591.9882,,,9.731e-7
592.9689,,,3.449e-5
594.0068,,,7.467e-7
594.009,,,5.399e-7
595.3624,,,1.663e-5
595.56976,,1.136e+1,
595.681,,,6.320e-7
596.17055,,3.191e+1,
596.56196,,7.880e+0,
597.842,,,2.308e-7
597.853,,,2.308e-7
598.089,,,2.684e-7
598.107,,,4.226e-7
598.438,,,2.527e-7
598.456,,,6.726e-7
598.893,,,1.679e-7
598.907,,,9.920e-7
599.954,,,2.568e-5
600.0087,,,1.125e-7
601.5279,,,1.610e-7
602.885,,,4.034e-7
603.1021,,,1.555e-7
603.2601,,,3.548e-5
603.267,,,1.140e-7
603.6564,,,1.637e-6
604.292,,,2.681e-7
604.866,,,1.196e-6
605.4173,,,9.022e-7
605.6355,,,6.683e-7
605.7126,,,5.270e-7
605.8447,,,2.150e-7
615.0001,,,6.368e-7
615.4363,,,8.537e-7
616.5499,,,3.982e-7
616.9726,,,1.043e-6
616.975,,,1.264e-6
618.1694,,,8.372e-7
619.4783,,,6.005e-7
620.1366,,,4.984e-7
629.1826,,1.177e+1,
635.71615,,9.221e+0,
637.57965,,5.094e+0,
640,1.829e+2,,
641.99484,5.982e+1,,
642.57292,,4.733e+0,
646.27121,3.504e+1,,
649.1663,,4.814e+0,
649.521,,5.292e+0,
649.69415,,4.219e+0,
653.44714,,5.331e+0,
654.13672,,1.036e+1,
654.38035,,6.766e+0,
654.83912,,8.333e+0,
655.0631,,4.685e+0,
655.45466,,4.470e+0,
656.53802,,1.923e+1,
657.14221,,2.614e+1,
660.00246,,9.472e+0,
662.19744,,5.421e+0,
684.16631,,1.052e+1,
685.78534,,1.603e+1,
686.25167,,1.491e+1,
687.0726,,2.445e+1,
688.23396,,5.448e+0,
690.56515,,2.871e+1,
690.86342,,4.810e+0,
692.20266,,3.730e+1,
692.78768,,1.779e+1,
693.20004,,9.060e+0,
695.26731,,1.089e+1,
698.73956,,6.177e+0,
713.4543,,1.152e+1,
718.73165,1.511e+2,,
731.763,,,3.948e-7
732.01,,,2.636e-7
749.56266,,1.719e+1,
751.10182,2.439e+2,,
751.31762,,3.580e+1,
752.50982,,5.800e+0,
754.86616,,4.287e+0,
770.49366,,1.258e+1,
792.08,,,1.366e-7
792.11,,,1.031e-7
792.14,,,7.573e-8
792.17,,,5.349e-8
792.19,,,3.566e-8
800.446,,,3.549e-8
800.788,,,4.904e-8
801.123,,,6.019e-8
801.469,,,9.101e-8
801.792,,,1.195e-7
822.0377,3.054e+2,,
822.89873,,2.728e+1,
823.544,,,5.063e-7
823.551,,,7.713e-8
823.558,,,6.355e-8
823.673,,,3.052e-7
823.679,,,7.908e-8
823.68,,,9.059e-8
828.78774,,9.688e+1,
831.59847,,6.367e+0,
832.53331,,7.767e+0,
833.32026,,5.382e+0,
833.9271,,6.590e+0,
846.85918,,3.394e+1,
849.01021,,2.397e+1,
849.06913,,1.229e+1,
849.96165,,2.279e+1,
850.9097,,,1.719e-7
851.272,,,1.336e-7
856.3472,,,3.323e-7
859.70356,,3.367e+0,
868.86233,8.239e+1,,
872.24606,,1.052e+1,
874.03012,,2.349e+0,
881.33713,,3.913e+0,
882.77579,,5.244e+0,
883.39718,,5.704e+0,
884.70398,,3.418e+0,
892.66572,,2.217e+1,
907.55379,,1.821e+1,
909.51242,,2.983e+1,
912.2935,,3.086e+1,
913.23854,,3.608e+1,
917.59197,,3.846e+1,
917.80586,,2.839e+1,
917.94921,,2.107e+1,
918.71829,,2.736e+1,
920.31769,,1.903e+1,
920.40953,,6.642e+1,
920.46174,,1.904e+1,
942.84324,,1.998e+1,
943.22415,,4.880e+0,
950.77049,,3.520e+0,
959.10335,,2.569e+0,